ID,WC_ID,Slug,Name,Parent_WC_ID,Depth,Is_Top_Level,Direct_Total,Direct_Publish,Direct_Instock,Children_Count
1,105,"anal-oyuncaklar","ANAL OYUNCAKLAR",,0,1,22,22,21,0
2,98,"bayan-istek-arttiricilar","Bayan İstek Arttırıcılar",96,1,0,4,4,3,0
3,225,"belden-baglamalilar","Belden Bağlamalılar",219,1,0,19,19,18,0
4,101,"erkeklere-ozel","ERKEKLERE ÖZEL",,0,1,54,54,50,4
5,223,"et-dokulu-urunler","Et Dokulu Ürünler",219,1,0,15,15,14,0
6,112,"fantezi-aksesuarlar","FANTEZİ AKSESUARLAR",,0,1,0,0,0,0
7,99,"fantezi-giyim","Fantezi Giyim",96,1,0,22,22,13,0
8,100,"fetis-fantezi","Fetiş ve Fantezi",96,1,0,34,34,28,0
9,226,"geciktiriciler","GECİKTİRİCİLER",,0,1,7,7,7,0
10,117,"halka-kiliflar","Halka ve Kılıflar",101,1,0,16,16,15,0
11,96,"kadinlara-ozel","KADINLARA ÖZEL",,0,1,60,60,44,4
12,227,"kayganlastirici-jeller","KAYGANLAŞTIRICI JELLER",,0,1,8,8,8,0
13,107,"kozmetik","KOZMETİK",,0,1,0,0,0,3
14,110,"masaj-yaglari","Masaj Yağları",107,1,0,2,2,0,0
15,222,"modern-vibratorler","Modern Vibratörler",219,1,0,21,21,20,0
16,109,"parfumler","Parfümler",107,1,0,0,0,0,0
17,102,"penis-pompalari","Penis Pompaları",101,1,0,2,2,2,0
18,108,"prezervatifler","Prezervatifler",107,1,0,14,14,13,0
19,221,"realistik-dildolar","Realistik Dildolar",219,1,0,28,28,26,0
20,115,"realistik-mankenler","REALİSTİK MANKENLER",,0,1,7,7,7,0
21,220,"realistik-vibratorler","Realistik Vibratörler",219,1,0,17,17,16,0
22,224,"sex-makineleri","Sex Makinaları",219,1,0,0,0,0,0
23,219,"sex-oyuncaklari","SEX OYUNCAKLARI",,0,1,97,97,91,6
24,97,"sisme-erkekler","Şişme Erkekler",96,1,0,0,0,0,0
25,103,"sisme-kadinlar","Şişme Kadınlar",101,1,0,8,8,8,0
26,104,"suni-vajina-masturbatorler","Suni Vajina Mastürbatörler",101,1,0,28,28,25,0