Product_ID,Product_Slug,Parent_Category_ID,Parent_Category_Name,Child_Category_ID,Child_Category_Name
1,"2-si-1-arada-titresimli-realistik-catal-vibrator",23,"SEX OYUNCAKLARI",15,"Modern Vibratörler"
2,"uzaktan-kumandali-masaj-vibratoru",23,"SEX OYUNCAKLARI",15,"Modern Vibratörler"
3,"3-boyutlu-suni-vajina-masturbator-kirmizi",4,"ERKEKLERE ÖZEL",26,"Suni Vajina Mastürbatörler"
4,"3-boyutlu-suni-vajina-masturbator-mavi",4,"ERKEKLERE ÖZEL",26,"Suni Vajina Mastürbatörler"
5,"3-boyutlu-suni-vajina-masturbator-mor",4,"ERKEKLERE ÖZEL",26,"Suni Vajina Mastürbatörler"
7,"angel-sisme-bebek",4,"ERKEKLERE ÖZEL",25,"Şişme Kadınlar"
11,"eroshop-love-clone-et-doku-penis",23,"SEX OYUNCAKLARI",21,"Realistik Vibratörler"
12,"candy-love-doll-3-islevli-sisme-bebek",4,"ERKEKLERE ÖZEL",25,"Şişme Kadınlar"
13,"enduro-blaster-penis",23,"SEX OYUNCAKLARI",19,"Realistik Dildolar"
14,"eroshop-20cm-gercekci-vibrator",23,"SEX OYUNCAKLARI",21,"Realistik Vibratörler"
15,"eroshop-alexs-penis",23,"SEX OYUNCAKLARI",19,"Realistik Dildolar"
16,"eroshop-bella-strapon",23,"SEX OYUNCAKLARI",3,"Belden Bağlamalılar"
17,"eroshop-pussix-vibe-titresimli-suni-vajina-masturbator",4,"ERKEKLERE ÖZEL",26,"Suni Vajina Mastürbatörler"
18,"passion-cup-vajina",4,"ERKEKLERE ÖZEL",26,"Suni Vajina Mastürbatörler"
19,"eroshop-siyah-19-cm-esnek-penis-dildo",23,"SEX OYUNCAKLARI",19,"Realistik Dildolar"
42,"fetis-fantezi-mor-peluslu-metal-kelepce",11,"KADINLARA ÖZEL",8,"Fetiş ve Fantezi"
43,"deri-kirmizi-kelepce",11,"KADINLARA ÖZEL",8,"Fetiş ve Fantezi"
44,"fantazi-liseli-kiz-kostumu-corap-hediyeli",11,"KADINLARA ÖZEL",8,"Fetiş ve Fantezi"
45,"fantazi-liseli-kiz-kostumu",11,"KADINLARA ÖZEL",7,"Fantezi Giyim"
46,"seksi-ekose-etekli-bustiyerli-fantazi-kostum",11,"KADINLARA ÖZEL",7,"Fantezi Giyim"
47,"deri-transparan-fantazi-elbise",11,"KADINLARA ÖZEL",7,"Fantezi Giyim"
48,"cift-tarafli-kemerli-protez-penis",23,"SEX OYUNCAKLARI",3,"Belden Bağlamalılar"
49,"kademeli-olarak-titresim-saglayan-titresim-topu",23,"SEX OYUNCAKLARI",15,"Modern Vibratörler"
50,"eroshop-titresimli-penis-halkasi",4,"ERKEKLERE ÖZEL",10,"Halka ve Kılıflar"
51,"tavsan-kulakli-tirtikli-penis-halkasi",4,"ERKEKLERE ÖZEL",10,"Halka ve Kılıflar"
52,"klitoris-ve-g-spot-uyarici-2-in-1-rabbit-vibrator",23,"SEX OYUNCAKLARI",21,"Realistik Vibratörler"
53,"renkli-teknolojik-vibrator",23,"SEX OYUNCAKLARI",21,"Realistik Vibratörler"
54,"fantezi-deri-saplak",11,"KADINLARA ÖZEL",8,"Fetiş ve Fantezi"
55,"fantezi-deri-kirbac",11,"KADINLARA ÖZEL",8,"Fetiş ve Fantezi"
56,"samuels-penis-strap-on",23,"SEX OYUNCAKLARI",3,"Belden Bağlamalılar"
57,"dylans-strap-on-penis-kemerli-dildo",23,"SEX OYUNCAKLARI",3,"Belden Bağlamalılar"
58,"deri-belden-baglama-penis-kemeri",23,"SEX OYUNCAKLARI",3,"Belden Bağlamalılar"
59,"eroshop-belden-baglamali-vantuzlu-realistik-penis",23,"SEX OYUNCAKLARI",3,"Belden Bağlamalılar"
60,"musele-kadin-damla",11,"KADINLARA ÖZEL",2,"Bayan İstek Arttırıcılar"
61,"potioon-kadin-damla",11,"KADINLARA ÖZEL",2,"Bayan İstek Arttırıcılar"
62,"sfliege-kadin-damla",11,"KADINLARA ÖZEL",2,"Bayan İstek Arttırıcılar"
63,"cantharis-d6-kadin-damla",11,"KADINLARA ÖZEL",2,"Bayan İstek Arttırıcılar"
69,"penis-pompasi-vajina-basligi",4,"ERKEKLERE ÖZEL",26,"Suni Vajina Mastürbatörler"
74,"eroshop-suni-vajina-masturbator",4,"ERKEKLERE ÖZEL",26,"Suni Vajina Mastürbatörler"
75,"eroshop-suni-vajina-masturbator-2",4,"ERKEKLERE ÖZEL",26,"Suni Vajina Mastürbatörler"
76,"3-boyutlu-suni-vajina-masturbator",4,"ERKEKLERE ÖZEL",26,"Suni Vajina Mastürbatörler"
77,"yarim-vucut-silikon-seksi-manken",4,"ERKEKLERE ÖZEL",26,"Suni Vajina Mastürbatörler"
83,"female-wand-massager-sarjli-vibrator-siyah",23,"SEX OYUNCAKLARI",21,"Realistik Vibratörler"
84,"female-wand-massager-sarjli-vibrator",23,"SEX OYUNCAKLARI",15,"Modern Vibratörler"
89,"waves-of-et-doku-vibrator-titresimli",23,"SEX OYUNCAKLARI",21,"Realistik Vibratörler"
90,"eroshop-sexy-baby-yumurta-vibrator",23,"SEX OYUNCAKLARI",15,"Modern Vibratörler"
91,"siyah-et-doku-penis-vibrator",23,"SEX OYUNCAKLARI",5,"Et Dokulu Ürünler"
92,"waves-of-pleasure-et-doku-vibrator",23,"SEX OYUNCAKLARI",5,"Et Dokulu Ürünler"
93,"eroshop-love-shop-titresimli-penis",23,"SEX OYUNCAKLARI",21,"Realistik Vibratörler"
94,"eroshop-love-clone-realistik-vibrator",23,"SEX OYUNCAKLARI",5,"Et Dokulu Ürünler"
95,"extra-sleve-penis-kilifi",23,"SEX OYUNCAKLARI",5,"Et Dokulu Ürünler"
96,"extra-sleve-dolgulu-penis-kilifi",4,"ERKEKLERE ÖZEL",10,"Halka ve Kılıflar"
97,"extra-sleve-et-doku-penis-kilifi",4,"ERKEKLERE ÖZEL",10,"Halka ve Kılıflar"
98,"bogumu-titresimli-penis-halkasi",4,"ERKEKLERE ÖZEL",10,"Halka ve Kılıflar"
99,"yumusak-dokulu-penis-kilifi",4,"ERKEKLERE ÖZEL",10,"Halka ve Kılıflar"
102,"17-cm-belden-baglamali-realistik-dildo-zenci-penis-set",23,"SEX OYUNCAKLARI",3,"Belden Bağlamalılar"
103,"victoria-doll-realistik-sisme-manken",4,"ERKEKLERE ÖZEL",25,"Şişme Kadınlar"
104,"jenny-doll-yellov-realistik-sisme-manken",4,"ERKEKLERE ÖZEL",25,"Şişme Kadınlar"
105,"penextender-xl-pump-penis-pompasi",4,"ERKEKLERE ÖZEL",17,"Penis Pompaları"
106,"titresimli-yumusak-dokulu-tirtikli-jel-vibrator-penis-kirmizi",23,"SEX OYUNCAKLARI",15,"Modern Vibratörler"
107,"titresimli-yumusak-dokulu-tirtikli-jel-vibrator-penis-mor",23,"SEX OYUNCAKLARI",15,"Modern Vibratörler"
108,"ultra-yumusak-dokulu-testissiz-realistik-jel-penis-mor",23,"SEX OYUNCAKLARI",19,"Realistik Dildolar"
109,"jel-dokulu-realistik-penis",23,"SEX OYUNCAKLARI",19,"Realistik Dildolar"
110,"gercekci-ten-dokusunda-vajina-masturbator",4,"ERKEKLERE ÖZEL",26,"Suni Vajina Mastürbatörler"
111,"real-pussy-gercekci-ten-dokusunda-vajina-masturbator",4,"ERKEKLERE ÖZEL",26,"Suni Vajina Mastürbatörler"
112,"big-ass-buyuk-boy-ultra-realistik-anal-vajinal-girisli-et-dokusunda-kalca",4,"ERKEKLERE ÖZEL",26,"Suni Vajina Mastürbatörler"
113,"mega-boy-realistik-dar-anal-vajinal-girisli-et-dokusunda-kalca-masturbator",4,"ERKEKLERE ÖZEL",26,"Suni Vajina Mastürbatörler"
114,"yarim-vucut-mega-boy-ultra-realistik-manken",23,"SEX OYUNCAKLARI",5,"Et Dokulu Ürünler"
115,"anal-ve-g-spot-uyarici-vibrator",23,"SEX OYUNCAKLARI",15,"Modern Vibratörler"
116,"double-vibrating-eggs-usb-girisli-kegel-egzersiz-vajina-anal-orgazm-topu",23,"SEX OYUNCAKLARI",15,"Modern Vibratörler"
117,"titresimli-ve-rotasyonlu-realistik-vibrator",23,"SEX OYUNCAKLARI",21,"Realistik Vibratörler"
118,"big-size-dildo-buyuk-boy-realistik-zenci-penis-27-cm",23,"SEX OYUNCAKLARI",19,"Realistik Dildolar"
119,"big-size-dildo-buyuk-boy-realistik-penis-27-cm",23,"SEX OYUNCAKLARI",19,"Realistik Dildolar"
120,"passion-cup-kutulu-realistik-vajina-masturbator",4,"ERKEKLERE ÖZEL",26,"Suni Vajina Mastürbatörler"
121,"testissiz-realistik-siyah-anal-penis",23,"SEX OYUNCAKLARI",19,"Realistik Dildolar"
122,"ultra-yumusak-dokulu-titresimli-ve-rotasyonlu-realistik-vibrator-penis-2",23,"SEX OYUNCAKLARI",5,"Et Dokulu Ürünler"
123,"yumusak-dokulu-titresimli-ve-rotasyonlu-realistik-vibrator",23,"SEX OYUNCAKLARI",3,"Belden Bağlamalılar"
124,"jelly-dildo-ultra-yumusak-dokulu-dildo-testissiz-jel-dokulu-realistik-penis-18-cm",23,"SEX OYUNCAKLARI",19,"Realistik Dildolar"
125,"lifelike-vibe-guclu-titresimli-klasik-kalin-realistik-vibrator-penis",23,"SEX OYUNCAKLARI",21,"Realistik Vibratörler"
126,"ultra-yumusak-dokulu-titresimli-ve-rotasyonlu-realistik-vibrator-penis",23,"SEX OYUNCAKLARI",5,"Et Dokulu Ürünler"
127,"extra-sleve-dolgulu-et-doku-penis-kilifi",4,"ERKEKLERE ÖZEL",10,"Halka ve Kılıflar"
131,"cift-tarafli-gercekci-et-dokusunda-oral-ve-vajina-masturbator",4,"ERKEKLERE ÖZEL",26,"Suni Vajina Mastürbatörler"
132,"titan-gold-gel-penis-bakim-kremi-50ml",4,"ERKEKLERE ÖZEL",17,"Penis Pompaları"
133,"seksi-uzun-fantezi-gece-elbiesi",11,"KADINLARA ÖZEL",7,"Fantezi Giyim"
134,"deri-gorunumlu-fantezi-gecelik-siyah-seksi-kombin",11,"KADINLARA ÖZEL",8,"Fetiş ve Fantezi"
135,"eroshop-testis-girisli-realistik-penis-kilifi",4,"ERKEKLERE ÖZEL",10,"Halka ve Kılıflar"
136,"siyah-penis-kilidi",4,"ERKEKLERE ÖZEL",10,"Halka ve Kılıflar"
137,"gercekci-uzun-kalin-dildo-penis",23,"SEX OYUNCAKLARI",19,"Realistik Dildolar"
138,"beyaz-dantel-fantazi-ic-camasir",11,"KADINLARA ÖZEL",7,"Fantezi Giyim"
139,"yumusak-dokulu-titresimli-ve-rotasyonlu-realistik-vibrator-zenci-penis-24-cm",23,"SEX OYUNCAKLARI",21,"Realistik Vibratörler"
140,"isitmali-ileri-geri-hareketli-ve-rotasyonlu-gercekci-damarli-yapay-penis-vibrator",23,"SEX OYUNCAKLARI",5,"Et Dokulu Ürünler"
141,"parmaga-takilabilir-klitoris-ve-g-spot-uyarici-2-in-1-vibrator",11,"KADINLARA ÖZEL",8,"Fetiş ve Fantezi"
142,"pozisyon-zari-beyaz",11,"KADINLARA ÖZEL",8,"Fetiş ve Fantezi"
143,"pozisyon-zari-siyah",11,"KADINLARA ÖZEL",8,"Fetiş ve Fantezi"
144,"siyah-kirmizi-fantezi-kelepce-kirbac-seti-7li",11,"KADINLARA ÖZEL",8,"Fetiş ve Fantezi"
145,"ultra-gercekci-otomatik-suni-vajina-masturbator",4,"ERKEKLERE ÖZEL",26,"Suni Vajina Mastürbatörler"
146,"21cm-yesil-jel-doku-dildo",23,"SEX OYUNCAKLARI",19,"Realistik Dildolar"
147,"beyaz-seffaf-jel-dildo",23,"SEX OYUNCAKLARI",19,"Realistik Dildolar"
148,"kamasutra-oyun-kartlari",11,"KADINLARA ÖZEL",8,"Fetiş ve Fantezi"
149,"eroshop-modern-vibrator",23,"SEX OYUNCAKLARI",15,"Modern Vibratörler"
150,"telefon-kontrollu-sarjli-g-nokta-ve-klitoris-uyarici-giyilebilir-mini-vibrator",23,"SEX OYUNCAKLARI",15,"Modern Vibratörler"
152,"ero-shop-kirmizi-deri-goz-maskesi",11,"KADINLARA ÖZEL",7,"Fantezi Giyim"
153,"ero-shop-deri-goz-maskesi",11,"KADINLARA ÖZEL",7,"Fantezi Giyim"
154,"eroshop-kikirdak-yapili-cift-katmanli-gercekci-dildo-penis",23,"SEX OYUNCAKLARI",5,"Et Dokulu Ürünler"
155,"belden-baglamali-titresimli-12-5-cm-ici-bos-ikili-catal-strapon-penis",23,"SEX OYUNCAKLARI",3,"Belden Bağlamalılar"
156,"eroshop-seffaf-silikon-fosforlu-dildo-13-cm",23,"SEX OYUNCAKLARI",19,"Realistik Dildolar"
160,"bdsm-agiz-toplu-el-ayak-baglama-seti",11,"KADINLARA ÖZEL",8,"Fetiş ve Fantezi"
161,"bdsm-fetis-set",11,"KADINLARA ÖZEL",8,"Fetiş ve Fantezi"
162,"ici-bos-titresimli-belden-baglamali-vajina-girisli-protez-kumandali-vibrator",23,"SEX OYUNCAKLARI",3,"Belden Bağlamalılar"
164,"seffaf-silikon-penis-kilifi-tirtikli",4,"ERKEKLERE ÖZEL",10,"Halka ve Kılıflar"
165,"realistik-dokuda-damarli-dildo-vantuzlu-buyuk-boy-gercekci-yapay-penis-27-cm",23,"SEX OYUNCAKLARI",19,"Realistik Dildolar"
166,"belden-baglamali-sisirilebilir-strapon-penis",23,"SEX OYUNCAKLARI",3,"Belden Bağlamalılar"
167,"titresimli-dildo-vibrator-penis",23,"SEX OYUNCAKLARI",21,"Realistik Vibratörler"
168,"vucut-corabi-miss-feliz-kirmizi",11,"KADINLARA ÖZEL",8,"Fetiş ve Fantezi"
169,"vucut-corabi-miss-feliz-siyah",11,"KADINLARA ÖZEL",8,"Fetiş ve Fantezi"
170,"vucut-corabi-miss-feliz",11,"KADINLARA ÖZEL",8,"Fetiş ve Fantezi"
171,"32cm-kahverengi-realistik-kilic-dildo",23,"SEX OYUNCAKLARI",19,"Realistik Dildolar"
172,"cift-girisli-anal-ve-vajinal-gercekci-masturbator",4,"ERKEKLERE ÖZEL",26,"Suni Vajina Mastürbatörler"
173,"ultra-gercekci-full-realistik-kalca-masturbator",4,"ERKEKLERE ÖZEL",26,"Suni Vajina Mastürbatörler"
174,"6-kg-mini-yarim-vucut-manken",4,"ERKEKLERE ÖZEL",26,"Suni Vajina Mastürbatörler"
175,"ultra-realistik-isitma-ileri-geri-ve-donme-fonksiyonlu-gercekci-vibrator",23,"SEX OYUNCAKLARI",5,"Et Dokulu Ürünler"
176,"ero-shop-v20-ileri-gidip-gelen-emisli-gelismis-vibrator",23,"SEX OYUNCAKLARI",15,"Modern Vibratörler"
177,"lipstick-vibe-ruj-vibrator",23,"SEX OYUNCAKLARI",15,"Modern Vibratörler"
185,"mini-kursun-vibrator-mor",23,"SEX OYUNCAKLARI",15,"Modern Vibratörler"
186,"mini-kursun-vibrator-mavi",23,"SEX OYUNCAKLARI",15,"Modern Vibratörler"
187,"beyaz-jel-dildo-19-cm",23,"SEX OYUNCAKLARI",19,"Realistik Dildolar"
188,"arkadan-acik-fantezi-giyim-kirmizi",11,"KADINLARA ÖZEL",7,"Fantezi Giyim"
189,"babydoll-transparan-ic-giyim-fantezi",11,"KADINLARA ÖZEL",7,"Fantezi Giyim"
190,"jartiyerli-deri-kirmizi-gecelik-corap-hediyeli",11,"KADINLARA ÖZEL",7,"Fantezi Giyim"
191,"ero-shop-siyah-dildo-nokta-tirtikli",23,"SEX OYUNCAKLARI",19,"Realistik Dildolar"
205,"born-to-feeling-isitmali-vibrator",23,"SEX OYUNCAKLARI",15,"Modern Vibratörler"
206,"ero-shop-gercekci-kalca-masturbator-1040gr",4,"ERKEKLERE ÖZEL",26,"Suni Vajina Mastürbatörler"
207,"telefon-kontrollu-hareketli-gercekci-dildo-vibrator",23,"SEX OYUNCAKLARI",5,"Et Dokulu Ürünler"
208,"g-nokta-uyarici-vibrator-rose",23,"SEX OYUNCAKLARI",15,"Modern Vibratörler"
209,"cift-uclu-ten-rengi-realistik-catal-dildo",23,"SEX OYUNCAKLARI",19,"Realistik Dildolar"
210,"ozel-bolgesi-acik-seksi-ic-giyim",11,"KADINLARA ÖZEL",7,"Fantezi Giyim"
211,"ero-shop-siyah-fantezi-maskesi",11,"KADINLARA ÖZEL",8,"Fetiş ve Fantezi"
216,"parlak-dantel-transparan-vucut-corabi",11,"KADINLARA ÖZEL",8,"Fetiş ve Fantezi"
217,"bastan-cikarici-fantezi-vucut-corabi",11,"KADINLARA ÖZEL",8,"Fetiş ve Fantezi"
218,"eroshop-komple-vucudu-saran-fantezi-vucut-corabi",11,"KADINLARA ÖZEL",8,"Fetiş ve Fantezi"
219,"eroshop-yarim-boy-gercekci-manken-masturbator",4,"ERKEKLERE ÖZEL",26,"Suni Vajina Mastürbatörler"
220,"buyuleyici-parlak-siyah-dantel-body",11,"KADINLARA ÖZEL",7,"Fantezi Giyim"
221,"bastan-cikarici-tasli-fantezi-vucut-corabi",11,"KADINLARA ÖZEL",7,"Fantezi Giyim"
222,"eroshop-vucut-corabi-buyuleyici",11,"KADINLARA ÖZEL",7,"Fantezi Giyim"
223,"goz-alici-tas-detayli-file-mini-elbise",11,"KADINLARA ÖZEL",7,"Fantezi Giyim"
224,"alev-kirmizisi-fantezi-giyim-ozel-bolgesi-acik",11,"KADINLARA ÖZEL",7,"Fantezi Giyim"
227,"emisli-curved-rabbit-vibrator-pembe",23,"SEX OYUNCAKLARI",15,"Modern Vibratörler"
228,"belden-baglamali-modern-dildo-mor",23,"SEX OYUNCAKLARI",3,"Belden Bağlamalılar"
229,"belden-baglamali-modern-dildo-siyah-12-5-cm",23,"SEX OYUNCAKLARI",3,"Belden Bağlamalılar"
230,"ero-shop-barbara-8-3-inc-dildo",23,"SEX OYUNCAKLARI",19,"Realistik Dildolar"
231,"et-doku-kikirdakli-penis-chisa",23,"SEX OYUNCAKLARI",5,"Et Dokulu Ürünler"
232,"beautiful-johson-9-2-inc-vibrator",23,"SEX OYUNCAKLARI",5,"Et Dokulu Ürünler"
233,"uclu-penis-halkasi-seti",4,"ERKEKLERE ÖZEL",10,"Halka ve Kılıflar"
234,"yarim-vucut-realistik-kadin-seks-mankeni-ultra-gercekci-dokulu-yetiskin-oyuncak",4,"ERKEKLERE ÖZEL",26,"Suni Vajina Mastürbatörler"
235,"emisli-ayicik-vibrator-pembe",11,"KADINLARA ÖZEL",8,"Fetiş ve Fantezi"
236,"siyah-dantelli-fantezi-tulum-tum-boy",11,"KADINLARA ÖZEL",7,"Fantezi Giyim"
402,"pozizyon-zari-siyah",11,"KADINLARA ÖZEL",8,"Fetiş ve Fantezi"
357,"28-cm-gercekci-et-doku-uzun-dildo-penis",23,"SEX OYUNCAKLARI",5,"Et Dokulu Ürünler"
395,"modern-dilli-rabbit-vibrator",23,"SEX OYUNCAKLARI",15,"Modern Vibratörler"
387,"keon-214-cm-cift-katmanli-et-doku-penis-dildo",23,"SEX OYUNCAKLARI",19,"Realistik Dildolar"
384,"gerd-gercek-hissiyatli-testis-halkali-penis-kilifi-77-inc-ten-rengi",4,"ERKEKLERE ÖZEL",10,"Halka ve Kılıflar"
398,"parlak-dantel-transparan-vucut-corabi-kirmizi",11,"KADINLARA ÖZEL",7,"Fantezi Giyim"
382,"gercekci-sisme-kadin-sarisin",4,"ERKEKLERE ÖZEL",25,"Şişme Kadınlar"
376,"fantezi-deri-aksesuar-vucut-harness-tasmali-siyah",11,"KADINLARA ÖZEL",8,"Fetiş ve Fantezi"
354,"12-titresim-fonksiyonlu-uzaktan-kumandali-yumurta-vibrator",23,"SEX OYUNCAKLARI",15,"Modern Vibratörler"
379,"gercek-boyut-kalca-masturbator-55-kg",4,"ERKEKLERE ÖZEL",26,"Suni Vajina Mastürbatörler"
373,"ero-shop-silikon-seffaf-mavi-realistik-dildo-175-cm",23,"SEX OYUNCAKLARI",19,"Realistik Dildolar"
360,"baile-dolgulu-titresimli-protez-strapon",23,"SEX OYUNCAKLARI",3,"Belden Bağlamalılar"
356,"21cm-gercekci-dildo-yapay-penis-vibrator",23,"SEX OYUNCAKLARI",21,"Realistik Vibratörler"
388,"kirmizi-deri-el-ayak-kelepcesi",11,"KADINLARA ÖZEL",8,"Fetiş ve Fantezi"
364,"belden-baglamali-ici-bos-titresimli-penis-vibrator",23,"SEX OYUNCAKLARI",3,"Belden Bağlamalılar"
365,"belden-baglamali-ici-dolu-strapon-penis",23,"SEX OYUNCAKLARI",3,"Belden Bağlamalılar"
404,"seksi-liseli-kiz-kostumu-corap-hediyeli",11,"KADINLARA ÖZEL",7,"Fantezi Giyim"
394,"lilly-love-doll-3-islevli-sisme-bebek",4,"ERKEKLERE ÖZEL",25,"Şişme Kadınlar"
370,"ero-shop-seffaf-mavi-realistik-dildo-20-cm-esnek-jel-doku-damarli-gercekci-penis",23,"SEX OYUNCAKLARI",19,"Realistik Dildolar"
361,"bastan-cikarici-parlak-dantel-transparan-vucut-corabi",11,"KADINLARA ÖZEL",7,"Fantezi Giyim"
377,"fantezi-deri-vucut-harness-takimi-siyah-tasma-kelepce-ve-kulot-seti",11,"KADINLARA ÖZEL",8,"Fetiş ve Fantezi"
407,"strapon-ici-bos-belden-baglamali-penis-vibrator",23,"SEX OYUNCAKLARI",3,"Belden Bağlamalılar"
368,"dolgulu-ici-bos-belden-baglamali-titresimli-kumandali-vibrator-strap-on",23,"SEX OYUNCAKLARI",3,"Belden Bağlamalılar"
400,"parlak-dantelli-mini-etek-vucut-corabi",11,"KADINLARA ÖZEL",7,"Fantezi Giyim"
408,"tasinabilir-manuel-anal-masturbator-snail-cup",4,"ERKEKLERE ÖZEL",26,"Suni Vajina Mastürbatörler"
381,"gercekci-sisme-kadin-esmer",4,"ERKEKLERE ÖZEL",25,"Şişme Kadınlar"
369,"ero-shop-bunion-gercek-hissiyatli-uzatici-penis-kilifi",4,"ERKEKLERE ÖZEL",10,"Halka ve Kılıflar"
401,"penis-sleeve-uzatmali-seffaf-silikon-penis-kilifi",4,"ERKEKLERE ÖZEL",10,"Halka ve Kılıflar"
358,"28-cm-titresimli-gercekci-kalin-dildo-penis-guclu-titresim-realistik-dick",23,"SEX OYUNCAKLARI",19,"Realistik Dildolar"
380,"gercekci-dildo-kalca-masturbator",4,"ERKEKLERE ÖZEL",26,"Suni Vajina Mastürbatörler"
362,"bdsm-fetis-deri-baglama-seti",11,"KADINLARA ÖZEL",8,"Fetiş ve Fantezi"
390,"kirmizi-peluslu-metal-kelepce",11,"KADINLARA ÖZEL",8,"Fetiş ve Fantezi"
374,"ero-shop-silikon-seffaf-mor-renkli-realistik-dildo-20-cm",23,"SEX OYUNCAKLARI",19,"Realistik Dildolar"
353,"11-inc-titresimli-et-doku-penis-vibrator-gercek-hissin-yeni-tanimi",23,"SEX OYUNCAKLARI",5,"Et Dokulu Ürünler"
403,"realistik-ten-penis-vibrator-et-doku-cift-katmanli",23,"SEX OYUNCAKLARI",21,"Realistik Vibratörler"
409,"tavsan-maskeli-ve-fantezi-full-body-seti",11,"KADINLARA ÖZEL",8,"Fetiş ve Fantezi"
389,"kirmizi-fantezi-deri-vucut-seti-harness",11,"KADINLARA ÖZEL",8,"Fetiş ve Fantezi"
375,"eroshop-ayarlanabilir-guclu-titresimli-zenci-vibrator-22cm",23,"SEX OYUNCAKLARI",21,"Realistik Vibratörler"
396,"nancy-love-doll-3-islevli-sisme-bebek",4,"ERKEKLERE ÖZEL",25,"Şişme Kadınlar"
391,"kumandali-giyilebilir-titresimli-yumurta-vibrator-10-modlu",23,"SEX OYUNCAKLARI",15,"Modern Vibratörler"
386,"kelepceli-dantelli-jartiyer-takimi-siyah",11,"KADINLARA ÖZEL",8,"Fetiş ve Fantezi"
372,"ero-shop-seffaf-realistik-dildo-23-cm",23,"SEX OYUNCAKLARI",19,"Realistik Dildolar"
363,"belden-baglamali-cift-tarafli-ici-dolu-strapon-penis",23,"SEX OYUNCAKLARI",3,"Belden Bağlamalılar"
378,"fetis-fantezi-metal-kelepce",11,"KADINLARA ÖZEL",8,"Fetiş ve Fantezi"
366,"big-pussy-lilac-cift-tarafli-gercekci-et-dokusunda-anal-oral-ve-vajina-masturbator",4,"ERKEKLERE ÖZEL",26,"Suni Vajina Mastürbatörler"
406,"siyah-deri-el-ayak-kelepcesi-metal-zincir-baglantili",11,"KADINLARA ÖZEL",8,"Fetiş ve Fantezi"
385,"kelepceli-dantelli-jartiyer-takimi-beyaz",11,"KADINLARA ÖZEL",8,"Fetiş ve Fantezi"
393,"leopar-desenli-kelepce-detayli-seksi-ic-camasir-takimi",11,"KADINLARA ÖZEL",8,"Fetiş ve Fantezi"
410,"yeni-nesil-cift-katmanli-realistik-vantuzlu-testissiz-melez-dildo-penis",23,"SEX OYUNCAKLARI",19,"Realistik Dildolar"
399,"parlak-dantel-transparan-vucut-corabi-mini-etek-konsepti",11,"KADINLARA ÖZEL",7,"Fantezi Giyim"
383,"gercekci-vajina-masturbator",4,"ERKEKLERE ÖZEL",26,"Suni Vajina Mastürbatörler"
367,"chane-5-cm-dolgulu-premium-silikon-penis-kilifi-ten-rengi-gercekci",4,"ERKEKLERE ÖZEL",10,"Halka ve Kılıflar"
371,"ero-shop-seffaf-pembe-realistik-dildo-23-cm",23,"SEX OYUNCAKLARI",19,"Realistik Dildolar"
392,"kylian-gercek-hissiyatli-uzatici-penis-kilifi-77-inc-ten-rengi",4,"ERKEKLERE ÖZEL",10,"Halka ve Kılıflar"
355,"19-cm-ten-rengi-vantuzlu-dildo-gercekci-silikon-seks-oyuncagi-realistik-penis-dildo",23,"SEX OYUNCAKLARI",19,"Realistik Dildolar"