slug,id,name,categories,description_html,description_text,edit_description_text,short_description_html,short_description_text,edit_short_description_text,meta_title,meta_title_default,meta_description,notes
ava-tpe-skeleton-tam-realistik-manken,359,Ava TPE-Skeleton Tam Realistik Manken,"realistik-mankenler,sex-oyuncaklari",,,,,,,,Ava TPE-Skeleton Tam Realistik Manken,,
bastan-cikarici-parlak-dantel-transparan-vucut-corabi,361,Baştan Çıkarıcı Parlak Dantel Transparan Vücut Çorabı,"fantezi-giyim,sex-oyuncaklari",,,,,,,,Baştan Çıkarıcı Parlak Dantel Transparan Vücut Çorabı,,
bdsm-fetis-deri-baglama-seti,362,BDSM FETİŞ DERİ BAĞLAMA SETİ,"fetis-fantezi,sex-oyuncaklari",,,,,,,,BDSM FETİŞ DERİ BAĞLAMA SETİ,,
big-pussy-lilac-cift-tarafli-gercekci-et-dokusunda-anal-oral-ve-vajina-masturbator,366,BIG PUSSY Lilac Çift Taraflı Gerçekçi Et Dokusunda Anal Oral ve Vajina Mastürbatör,"sex-oyuncaklari,suni-vajina-masturbatorler",,,,,,,,BIG PUSSY Lilac Çift Taraflı Gerçekçi Et Dokusunda Anal Oral ve Vajina Mastürbatör,,
chane-5-cm-dolgulu-premium-silikon-penis-kilifi-ten-rengi-gercekci,367,Chane 5 cm Dolgulu Premium Silikon Penis Kılıfı – Ten Rengi Gerçekçi,"halka-kiliflar,sex-oyuncaklari",,,,,,,,Chane 5 cm Dolgulu Premium Silikon Penis Kılıfı – Ten Rengi Gerçekçi,,
ero-shop-bunion-gercek-hissiyatli-uzatici-penis-kilifi,369,Ero Shop Bunion Gerçek Hissiyatlı Uzatıcı Penis Kılıfı,"halka-kiliflar,sex-oyuncaklari",,,,,,,,Ero Shop Bunion Gerçek Hissiyatlı Uzatıcı Penis Kılıfı,,
fantezi-deri-aksesuar-vucut-harness-tasmali-siyah,376,FANTEZİ DERİ AKSESUAR VÜCUT HARNESS TASMALI SİYAH,"fetis-fantezi,sex-oyuncaklari",,,,,,,,FANTEZİ DERİ AKSESUAR VÜCUT HARNESS TASMALI SİYAH,,
fantezi-deri-vucut-harness-takimi-siyah-tasma-kelepce-ve-kulot-seti,377,"Fantezi Deri Vücut Harness Takımı – Siyah Tasma, Kelepçe ve Külot Seti","fetis-fantezi,sex-oyuncaklari",,,,,,,,"Fantezi Deri Vücut Harness Takımı – Siyah Tasma, Kelepçe ve Külot Seti",,
fetis-fantezi-metal-kelepce,378,FETİŞ FANTEZİ METAL KELEPÇE,"fetis-fantezi,sex-oyuncaklari",,,,,,,,FETİŞ FANTEZİ METAL KELEPÇE,,
gercek-boyut-kalca-masturbator-55-kg,379,"Gerçek Boyut Kalça Mastürbatör – 5,5 kg","sex-oyuncaklari,suni-vajina-masturbatorler",,,,,,,,"Gerçek Boyut Kalça Mastürbatör – 5,5 kg",,
gercekci-dildo-kalca-masturbator,380,Gerçekçi Dildo Kalça Mastürbatör,"sex-oyuncaklari,suni-vajina-masturbatorler",,,,,,,,Gerçekçi Dildo Kalça Mastürbatör,,
gercekci-sisme-kadin-esmer,381,Gerçekçi Şişme Kadın Esmer,"sex-oyuncaklari,sisme-kadinlar",,,,,,,,Gerçekçi Şişme Kadın Esmer,,
gercekci-sisme-kadin-sarisin,382,Gerçekçi Şişme Kadın Sarışın,"sex-oyuncaklari,sisme-kadinlar",,,,,,,,Gerçekçi Şişme Kadın Sarışın,,
gercekci-vajina-masturbator,383,Gerçekçi Vajina Mastürbatör,"sex-oyuncaklari,suni-vajina-masturbatorler",,,,,,,,Gerçekçi Vajina Mastürbatör,,
gerd-gercek-hissiyatli-testis-halkali-penis-kilifi-77-inc-ten-rengi,384,Gerd Gerçek Hissiyatlı Testis Halkalı Penis Kılıfı 7.7 İnç – Ten Rengi,"halka-kiliflar,sex-oyuncaklari",,,,,,,,Gerd Gerçek Hissiyatlı Testis Halkalı Penis Kılıfı 7.7 İnç – Ten Rengi,,
kelepceli-dantelli-jartiyer-takimi-beyaz,385,Kelepçeli Dantelli Jartiyer Takımı Beyaz,"fetis-fantezi,sex-oyuncaklari",,,,,,,,Kelepçeli Dantelli Jartiyer Takımı Beyaz,,
kelepceli-dantelli-jartiyer-takimi-siyah,386,Kelepçeli Dantelli Jartiyer Takımı Siyah,"fetis-fantezi,sex-oyuncaklari",,,,,,,,Kelepçeli Dantelli Jartiyer Takımı Siyah,,
kirmizi-deri-el-ayak-kelepcesi,388,Kırmızı Deri El Ayak Kelepçesi,"fetis-fantezi,sex-oyuncaklari",,,,,,,,Kırmızı Deri El Ayak Kelepçesi,,
kirmizi-fantezi-deri-vucut-seti-harness,389,Kırmızı Fantezi Deri Vücut Seti Harness,"fetis-fantezi,sex-oyuncaklari",,,,,,,,Kırmızı Fantezi Deri Vücut Seti Harness,,
kirmizi-peluslu-metal-kelepce,390,KIRMIZI PELUŞLU METAL KELEPÇE,"fetis-fantezi,sex-oyuncaklari",,,,,,,,KIRMIZI PELUŞLU METAL KELEPÇE,,
kylian-gercek-hissiyatli-uzatici-penis-kilifi-77-inc-ten-rengi,392,Kylian Gerçek Hissiyatlı Uzatıcı Penis Kılıfı 7.7 İnç – Ten Rengi,"halka-kiliflar,sex-oyuncaklari",,,,,,,,Kylian Gerçek Hissiyatlı Uzatıcı Penis Kılıfı 7.7 İnç – Ten Rengi,,
leopar-desenli-kelepce-detayli-seksi-ic-camasir-takimi,393,Leopar Desenli Kelepçe Detaylı Seksi İç Çamaşır Takımı,"fetis-fantezi,sex-oyuncaklari",,,,,,,,Leopar Desenli Kelepçe Detaylı Seksi İç Çamaşır Takımı,,
lilly-love-doll-3-islevli-sisme-bebek,394,Lilly Love Doll 3 İşlevli Şişme Bebek,"sex-oyuncaklari,sisme-kadinlar",,,,,,,,Lilly Love Doll 3 İşlevli Şişme Bebek,,
nancy-love-doll-3-islevli-sisme-bebek,396,Nancy Love Doll 3 İşlevli Şişme Bebek,"sex-oyuncaklari,sisme-kadinlar",,,,,,,,Nancy Love Doll 3 İşlevli Şişme Bebek,,
okey-ritim-prezervatif-10lu,397,Okey Ritim Prezervatif 10'Lu,"prezervatifler,sex-oyuncaklari",,,,,,,,Okey Ritim Prezervatif 10'Lu,,
parlak-dantel-transparan-vucut-corabi-kirmizi,398,Parlak Dantel Transparan Vücut Çorabı Kırmızı,"fantezi-giyim,sex-oyuncaklari",,,,,,,,Parlak Dantel Transparan Vücut Çorabı Kırmızı,,
parlak-dantel-transparan-vucut-corabi-mini-etek-konsepti,399,Parlak Dantel Transparan Vücut Çorabı Mini Etek Konsepti,"fantezi-giyim,sex-oyuncaklari",,,,,,,,Parlak Dantel Transparan Vücut Çorabı Mini Etek Konsepti,,
parlak-dantelli-mini-etek-vucut-corabi,400,Parlak Dantelli Mini Etek Vücut Çorabı,"fantezi-giyim,sex-oyuncaklari",,,,,,,,Parlak Dantelli Mini Etek Vücut Çorabı,,
penis-sleeve-uzatmali-seffaf-silikon-penis-kilifi,401,Penis Sleeve Uzatmalı Şeffaf Silikon Penis Kılıfı,"halka-kiliflar,sex-oyuncaklari",,,,,,,,Penis Sleeve Uzatmalı Şeffaf Silikon Penis Kılıfı,,
pozizyon-zari-siyah,402,Pozizyon Zarı Siyah,"fetis-fantezi,sex-oyuncaklari",,,,,,,,Pozizyon Zarı Siyah,,
seksi-liseli-kiz-kostumu-corap-hediyeli,404,Seksi Liseli Kız Kostümü+ ÇORAP HEDİYELİ -,"fantezi-giyim,sex-oyuncaklari",,,,,,,,Seksi Liseli Kız Kostümü+ ÇORAP HEDİYELİ -,,
silikonlu-anal-tikac-plug-185cm,405,SİLİKONLU ANAL TIKAÇ PLUG 18.5CM,"anal-oyuncaklar,sex-oyuncaklari",,,,,,,,SİLİKONLU ANAL TIKAÇ PLUG 18.5CM,,
siyah-deri-el-ayak-kelepcesi-metal-zincir-baglantili,406,Siyah Deri El Ayak Kelepçesi Metal Zincir Bağlantılı,"fetis-fantezi,sex-oyuncaklari",,,,,,,,Siyah Deri El Ayak Kelepçesi Metal Zincir Bağlantılı,,
tasinabilir-manuel-anal-masturbator-snail-cup,408,Taşınabilir Manuel Anal Mastürbatör Snail Cup,"sex-oyuncaklari,suni-vajina-masturbatorler",,,,,,,,Taşınabilir Manuel Anal Mastürbatör Snail Cup,,
tavsan-maskeli-ve-fantezi-full-body-seti,409,TAVŞAN MASKELİ VE FANTEZİ FULL BODY SETİ,"fetis-fantezi,sex-oyuncaklari",,,,,,,,TAVŞAN MASKELİ VE FANTEZİ FULL BODY SETİ,,
