ID,WC_ID,Slug,Name,Direct_Instock,Desc_Instock,Overlap_Instock,Rolled_Up_Unique_Instock
1,105,"anal-oyuncaklar","ANAL OYUNCAKLAR",21,0,0,21
4,101,"erkeklere-ozel","ERKEKLERE ÖZEL",50,50,50,50
6,112,"fantezi-aksesuarlar","FANTEZİ AKSESUARLAR",0,0,0,0
9,226,"geciktiriciler","GECİKTİRİCİLER",7,0,0,7
11,96,"kadinlara-ozel","KADINLARA ÖZEL",44,44,44,44
12,227,"kayganlastirici-jeller","KAYGANLAŞTIRICI JELLER",8,0,0,8
13,107,"kozmetik","KOZMETİK",0,13,0,13
20,115,"realistik-mankenler","REALİSTİK MANKENLER",7,0,0,7
23,219,"sex-oyuncaklari","SEX OYUNCAKLARI",91,94,91,94